timestamp,batch.T_R_C,batch.T_J_C,batch.T_cool_in_C,batch.C_A,batch.C_P,batch.conversion,batch.F_cool,batch.dHdt
2026-01-01 00:00:00,25.0,20.0,18.0,1500.0,0.0,0.0,0.4,4.668449404340253
2026-01-01 00:01:00,24.59651637569027,22.425437342218174,18.0,1496.0871961170994,3.912803882900562,0.0026085359219337077,0.4,4.490006539053054
2026-01-01 00:02:00,24.454927247013984,23.381037165848,18.0,1492.272434008527,7.727565991473057,0.005151710660982038,0.4,4.421672715225568
2026-01-01 00:03:00,24.414875862006454,23.76610335032734,18.0,1488.495771869138,11.504228130861975,0.00766948542057465,0.4,4.394553367205025
2026-01-01 00:04:00,24.414117284008057,23.929647206571474,18.0,1484.7345578924917,15.265442107508306,0.010176961405005538,0.4,4.383148544962796
2026-01-01 00:05:00,24.428493274172865,24.007114348027415,18.0,1480.9801386165832,19.01986138341681,0.01267990758894454,0.4,4.377747134176157
2026-01-01 00:06:00,24.448628017454723,24.05106856799233,18.0,1477.2292214436804,22.770778556319556,0.01518051903754637,0.4,4.37460914870287
2026-01-01 00:07:00,24.470882736718238,24.081908696667597,18.0,1473.4805828570336,26.519417142966404,0.01767961142864427,0.4,4.3722879874947305
2026-01-01 00:08:00,24.493845132602985,24.107550962568894,18.0,1469.733800284983,30.26619971501691,0.02017746647667794,0.4,4.37022324748182
2026-01-01 00:09:00,24.516966968527072,24.131067347663986,18.0,1465.9887614965357,34.011238503464256,0.022674159002309503,0.4,4.368197774511049
2026-01-01 00:10:00,24.540035338206792,24.153649882951527,18.0,1462.2454744891888,37.75452551081116,0.025169683673874108,0.4,4.366127487428857
2026-01-01 00:11:00,24.562967473898084,24.175761032011053,18.0,1458.503993770723,41.4960062292771,0.0276640041528514,0.4,4.363979916582695
2026-01-01 00:12:00,24.585731115333715,24.197580131433313,18.0,1454.7643917645987,45.23560823540129,0.03015707215693419,0.4,4.361742615393672
2026-01-01 00:13:00,24.608313606482568,24.21917664518776,18.0,1451.026747714513,48.97325228548698,0.03264883485699132,0.4,4.359410909174106
2026-01-01 00:14:00,24.630709902663227,24.240577401085375,18.0,1447.2911433759818,52.70885662401815,0.03513923774934544,0.4,4.356983143400178
2026-01-01 00:15:00,24.65291791640368,24.261792683892793,18.0,1443.5576613403496,56.44233865965043,0.037628225773100286,0.4,4.354458840692756
2026-01-01 00:16:00,24.674936711326666,24.282826361574735,18.0,1439.826384379819,60.173615620180954,0.0401157437467873,0.4,4.351837985978052
2026-01-01 00:17:00,24.69676580129726,24.303679815132398,18.0,1436.0973951884994,63.90260481150062,0.04260173654100041,0.4,4.349120749223508
2026-01-01 00:18:00,24.71840487850011,24.324353463748935,18.0,1432.3707762770596,67.62922372294042,0.04508614914862695,0.4,4.346307377887692
2026-01-01 00:19:00,24.739853707975726,24.34484735672629,18.0,1428.646609926971,71.353390073029,0.04756892671535267,0.4,4.343398155192039
2026-01-01 00:20:00,24.76111208675468,24.36516140326205,18.0,1424.9249781678748,75.07502183212523,0.05005001455475015,0.4,4.340393383918957
2026-01-01 00:21:00,24.782179828060862,24.3852954616807,18.0,1421.205962763936,78.79403723606401,0.052529358157376006,0.4,4.337293380108788
2026-01-01 00:22:00,24.803056755242267,24.405249374121126,18.0,1417.4896452036974,82.51035479630264,0.05500690319753509,0.4,4.334098470593784
2026-01-01 00:23:00,24.823742699477066,24.42502298005627,18.0,1413.7761066913104,86.22389330868964,0.05748259553912643,0.4,4.330808992019258
2026-01-01 00:24:00,24.84423749894205,24.44461612159722,18.0,1410.065428138325,89.93457186167507,0.05995638124111671,0.4,4.327425290439057
2026-01-01 00:25:00,24.864540998550297,24.464028645608153,18.0,1406.3576901557092,93.64230984429082,0.06242820656286055,0.4,4.323947721133264
2026-01-01 00:26:00,24.88465304990666,24.48326040458369,18.0,1402.652973045988,97.34702695401211,0.0648980179693414,0.4,4.320376648509676
2026-01-01 00:27:00,24.9045735113487,24.502311257043914,18.0,1398.9513567954493,101.04864320455067,0.06736576213636711,0.4,4.316712446037018
2026-01-01 00:28:00,24.924302248018762,24.521181067743044,18.0,1395.2529210664027,104.74707893359732,0.06983138595573155,0.4,4.312955496188464
2026-01-01 00:29:00,24.943839131947698,24.539869707803177,18.0,1391.557745189483,108.44225481051694,0.07229483654034463,0.4,4.3091061903878165
2026-01-01 00:30:00,24.963184042142757,24.558377054819687,18.0,1387.865908156003,112.13409184399711,0.07475606122933141,0.4,4.305164928955463
2026-01-01 00:31:00,24.982336864674664,24.57670299295404,18.0,1384.1774886103494,115.82251138965057,0.07721500759310038,0.4,4.301132121052253
2026-01-01 00:32:00,25.001297492765502,24.594847413020716,18.0,1380.492564842433,119.50743515756699,0.079671623438378,0.4,4.297008184621755
2026-01-01 00:33:00,25.02006582687443,24.612810212571787,18.0,1376.8112147801837,123.18878521981628,0.08212585681321086,0.4,4.292793546329931
2026-01-01 00:34:00,25.03864177478198,24.63059129597866,18.0,1373.1335159821024,126.86648401789762,0.08457765601193175,0.4,4.288488641502481
2026-01-01 00:35:00,25.05702525167345,24.64819057451291,18.0,1369.459545629865,130.54045437013497,0.08702696958008997,0.4,4.28409391406008
2026-01-01 00:36:00,25.07521618022031,24.665607966424886,18.0,1365.7893805209844,134.21061947901558,0.08947374631934371,0.4,4.2796098164510745
2026-01-01 00:37:00,25.093214490659705,24.682843397021202,18.0,1362.1230970615313,137.87690293846867,0.09191793529231244,0.4,4.275036809581835
2026-01-01 00:38:00,25.11102012087315,24.699896798740554,18.0,1358.4607712589138,141.53922874108616,0.09435948582739077,0.4,4.2703753627450265
2026-01-01 00:39:00,25.128633016462686,24.71676811122785,18.0,1354.8024787147217,145.1975212852783,0.09679834752351886,0.4,4.265625953545312
2026-01-01 00:40:00,25.14605313082609,24.73345728140714,18.0,1351.1482946176343,148.8517053823657,0.09923447025491047,0.4,4.260789067823059
2026-01-01 00:41:00,25.163280425230028,24.74996426355267,18.0,1347.4982937363945,152.50170626360546,0.10166780417573697,0.4,4.255865199575694
2026-01-01 00:42:00,25.180314868881226,24.766289019358283,18.0,1343.8525504128525,156.14744958714755,0.10409829972476503,0.4,4.250854850876714
2026-01-01 00:43:00,25.1971564389965,24.782431518005694,18.0,1340.2111385550772,159.78886144492276,0.1065259076299485,0.4,4.245758531792753
2026-01-01 00:44:00,25.21380512087046,24.79839173623037,18.0,1336.5741316305428,163.42586836945725,0.1089505789129715,0.4,4.2405767602982785
2026-01-01 00:45:00,25.23026090794201,24.81416965838639,18.0,1332.9416026593867,167.05839734061328,0.11137226489374219,0.4,4.235310062188378
2026-01-01 00:46:00,25.246523801858245,24.829765276508965,18.0,1329.3136242077467,170.68637579225333,0.11379091719483556,0.4,4.229958970989122
2026-01-01 00:47:00,25.262593812537318,24.845178590376236,18.0,1325.6902683811697,174.30973161883026,0.11620648774588684,0.4,4.224524027866193
2026-01-01 00:48:00,25.27847095822898,24.86040960756833,18.0,1322.071606818107,177.92839318189294,0.11861892878792862,0.4,4.219005781531223
2026-01-01 00:49:00,25.29415526557318,24.87545834352494,18.0,1318.4577106834859,181.54228931651414,0.12102819287767609,0.4,4.2134047881461845
2026-01-01 00:50:00,25.309646769657263,24.89032482160195,18.0,1314.8486506623642,185.1513493376358,0.1234342328917572,0.4,4.20772161122586
2026-01-01 00:51:00,25.324945514070976,24.905009073124802,18.0,1311.2444969536716,188.75550304632839,0.1258370020308856,0.4,4.201956821538361
2026-01-01 00:52:00,25.34005155095906,24.919511137441475,18.0,1307.645319264036,192.35468073596394,0.12823645382397597,0.4,4.196110997003551
2026-01-01 00:53:00,25.35496494107315,24.933831061972967,18.0,1304.0511868016972,195.9488131983028,0.13063254213220185,0.4,4.1901847225899695
2026-01-01 00:54:00,25.36968575382025,24.94796890226172,18.0,1300.4621682705094,199.53783172949056,0.1330252211529937,0.4,4.184178590209443
2026-01-01 00:55:00,25.384214067310438,24.961924722018978,18.0,1296.8783318640362,203.12166813596377,0.13541444542397585,0.4,4.178093198610313
2026-01-01 00:56:00,25.398549968401937,24.975698593169625,18.0,1293.2997452597383,206.7002547402617,0.13780016982684112,0.4,4.171929153268692
2026-01-01 00:57:00,25.412693552744145,24.989290595895284,18.0,1289.7264756132515,210.27352438674848,0.14018234959116566,0.4,4.1656870662779655
2026-01-01 00:58:00,25.426644924819357,25.00270081867575,18.0,1286.1585895527653,213.8414104472347,0.14256094029815647,0.4,4.159367556236837
2026-01-01 00:59:00,25.440404197981366,25.015929358328265,18.0,1282.5961531734938,217.4038468265062,0.14493589788433747,0.4,4.152971248135364
2026-01-01 01:00:00,25.45397149449343,25.0289763200455,18.0,1279.0392320322474,220.96076796775264,0.14730717864516843,0.4,4.146498773239937
2026-01-01 01:01:00,25.467346945562724,25.041841817430395,18.0,1275.4878911421024,224.5121088578976,0.1496747392385984,0.4,4.139950768976091
2026-01-01 01:02:00,25.4805306913737,25.05452597253037,18.0,1271.9421949671737,228.0578050328263,0.15203853668855088,0.4,4.133327878810261
2026-01-01 01:03:00,25.49352288111919,25.067028915868946,18.0,1268.4022074174868,231.5977925825132,0.15439852838834212,0.4,4.126630752129901
2026-01-01 01:04:00,25.506323673029158,25.079350786475402,18.0,1264.8679918439557,235.13200815604432,0.15675467210402955,0.4,4.119860044122119
2026-01-01 01:05:00,25.51893323439799,25.091491731912754,18.0,1261.3396110334627,238.6603889665373,0.15910692597769155,0.4,4.113016415651209
2026-01-01 01:06:00,25.531351741609,25.103451908303498,18.0,1257.8171272040468,242.18287279595324,0.1614552485306355,0.4,4.106100533134582
2026-01-01 01:07:00,25.54357938015721,25.115231480353657,18.0,1254.3006020001972,245.69939799980284,0.16379959866653523,0.4,4.099113068417469
2026-01-01 01:08:00,25.55561634467,25.126830621374722,18.0,1250.7900964882535,249.20990351174646,0.16613993567449764,0.4,4.092054698646475
2026-01-01 01:09:00,25.56746283892562,25.13824951330338,18.0,1247.285671151918,252.714328848082,0.16847621923205466,0.4,4.084926106141956
2026-01-01 01:10:00,25.57911907586987,25.149488346719863,18.0,1243.7873858878763,256.2126141121237,0.17080840940808245,0.4,4.077727978269281
2026-01-01 01:11:00,25.59058527762994,25.160547320863714,18.0,1240.2953000015273,259.70469999847273,0.1731364666656485,0.4,4.070461007308778
2026-01-01 01:12:00,25.60186167552729,25.171426643647806,18.0,1236.8094722028268,263.1905277971732,0.17546035186478215,0.4,4.063125890325101
2026-01-01 01:13:00,25.612948510087165,25.18212653167035,18.0,1233.3299606022433,266.6700393977567,0.17778002626517111,0.4,4.055723329035128
2026-01-01 01:14:00,25.62384603104715,25.192647210225175,18.0,1229.856822706828,270.1431772931719,0.18009545152878126,0.4,4.0482540296753164
2026-01-01 01:15:00,25.634554497362615,25.202988913309753,18.0,1226.3901154163968,273.60988458360316,0.18240658972240212,0.4,4.0407187028679
2026-01-01 01:16:00,25.64507417721086,25.213151883630644,18.0,1222.9298950198292,277.07010498017075,0.18471340332011382,0.4,4.0331180634864845
2026-01-01 01:17:00,25.65540534799277,25.22313637260845,18.0,1219.4762171914822,280.5237828085178,0.18701585520567854,0.4,4.025452830520754
2026-01-01 01:18:00,25.665548296332304,25.232942640379463,18.0,1216.0291369877204,283.97086301227955,0.18931390867485304,0.4,4.017723726940406
2026-01-01 01:19:00,25.675503318074277,25.242570955795657,18.0,1212.5887088435634,287.4112911564366,0.1916075274376244,0.4,4.00993147955863
2026-01-01 01:20:00,25.68527071827947,25.25202159642322,18.0,1209.154986569449,290.84501343055103,0.19389667562036736,0.4,4.002076818894664
2026-01-01 01:21:00,25.69485081121786,25.261294848538114,18.0,1205.7280233481176,294.27197665188237,0.19618131776792158,0.4,3.9941604790359952
2026-01-01 01:22:00,25.70424392036074,25.270391007120793,18.0,1202.3078717316116,297.6921282683884,0.19846141884559226,0.4,3.9861831975001936
2026-01-01 01:23:00,25.71345037836892,25.279310375848297,18.0,1198.894583638395,301.10541636160497,0.20073694424106997,0.4,3.978145715095871
2026-01-01 01:24:00,25.722470527080304,25.28805326708408,18.0,1195.4882103505925,304.51178964940755,0.2030078597662717,0.4,3.970048775783591
2026-01-01 01:25:00,25.73130471749505,25.296620001866984,18.0,1192.0888025113466,307.91119748865344,0.2052741316591023,0.4,3.961893126536328
2026-01-01 01:26:00,25.73995330975822,25.30501090989702,18.0,1188.6964101222961,311.30358987770387,0.20753572658513592,0.4,3.9536795171995434
2026-01-01 01:27:00,25.748416673141264,25.31322632952015,18.0,1185.3110825411754,314.68891745882456,0.20979261163921636,0.4,3.945408700351203
2026-01-01 01:28:00,25.756695186020295,25.321266607710527,18.0,1181.9328684795296,318.0671315204704,0.21204475434698028,0.4,3.937081431161293
2026-01-01 01:29:00,25.764789235853982,25.329132100051083,18.0,1178.561816000555,321.4381839994451,0.2142921226662967,0.4,3.9286984672517584
2026-01-01 01:30:00,25.77269921915746,25.336823170712478,18.0,1175.1979725170575,324.80202748294255,0.21653468498862838,0.4,3.920260568555578
2026-01-01 01:31:00,25.780425541476063,25.3443401924294,18.0,1171.841384789531,328.15861521046895,0.21877241014031262,0.4,3.911768497176579
2026-01-01 01:32:00,25.787968617355887,25.351683546475897,18.0,1168.4920989243578,331.50790107564217,0.22100526738376144,0.4,3.9032230172487283
2026-01-01 01:33:00,25.7953288703128,25.35885362263815,18.0,1165.1501603721283,334.8498396278717,0.22323322641858112,0.4,3.8946248947957587
2026-01-01 01:34:00,25.802506732799714,25.365850819185482,18.0,1161.815613926081,338.1843860739191,0.2254562573826127,0.4,3.88597489759085
2026-01-01 01:35:00,25.809502646171723,25.372675542840113,18.0,1158.4885037206634,341.5114962793366,0.22767433085289107,0.4,3.8772737950165816
2026-01-01 01:36:00,25.816317060648885,25.37932820874414,18.0,1155.1688732302127,344.83112676978726,0.22988741784652483,0.4,3.8685223579248245
2026-01-01 01:37:00,25.822950435277846,25.385809240425374,18.0,1151.8567652677566,348.1432347322434,0.2320954898214956,0.4,3.859721358497238
2026-01-01 01:38:00,25.829403237891256,25.392119069761407,18.0,1148.5522219839315,351.44777801606847,0.23429851867737897,0.4,3.8508715701060217
2026-01-01 01:39:00,25.835675945065532,25.39825813694148,18.0,1145.2552848660232,354.7447151339768,0.23649647675598454,0.4,3.8419737671749634
2026-01-01 01:40:00,25.841769042076066,25.40422689042674,18.0,1141.9659947371254,358.03400526287464,0.23868933684191643,0.4,3.8330287250408537
2026-01-01 01:41:00,25.847683022851584,25.410025786908932,18.0,1138.684391755414,361.315608244586,0.24087707216305732,0.4,3.824037219815612
2026-01-01 01:42:00,25.85341838992582,25.4156552912674,18.0,1135.4105154135439,364.58948458645614,0.24305965639097077,0.4,3.8150000282486816
2026-01-01 01:43:00,25.858975654388246,25.42111587652363,18.0,1132.14440453816,367.85559546184004,0.2452370636412267,0.4,3.8059179275901998
2026-01-01 01:44:00,25.864355335832215,25.426408023795375,18.0,1128.8860972895277,371.1139027104723,0.2474092684736482,0.4,3.7967916954546683
2026-01-01 01:45:00,25.869557962302054,25.43153222224805,18.0,1125.6356311612767,374.3643688387233,0.2495762458924822,0.4,3.787622109685349
2026-01-01 01:46:00,25.874584070237916,25.436488969045,18.0,1122.3930429802658,377.6069570197342,0.25173797134648945,0.4,3.7784099482193017
2026-01-01 01:47:00,25.879434204419454,25.441278769295593,18.0,1119.1583689065565,380.84163109344354,0.25389442072896234,0.4,3.7691559889533917
2026-01-01 01:48:00,25.884108917907213,25.445902136002758,18.0,1115.931644433508,384.0683555664921,0.2560455703776614,0.4,3.7598610096107503
2026-01-01 01:49:00,25.888608771982717,25.450359590007793,18.0,1112.71290438798,387.28709561202004,0.25819139707468003,0.4,3.750525787608349
2026-01-01 01:50:00,25.892934336087194,25.45465165993403,18.0,1109.5021829306543,390.49781706934573,0.2603318780462305,0.4,3.741151099925472
2026-01-01 01:51:00,25.897086187758134,25.45877888212948,18.0,1106.299513556464,393.70048644353597,0.2624669909623573,0.4,3.7317377229729476
2026-01-01 01:52:00,25.901064912564777,25.46274180060726,18.0,1103.1049290951373,396.8950709048627,0.26459671393657513,0.4,3.7222864324635254
2026-01-01 01:53:00,25.90487110404149,25.46654096698461,18.0,1099.9184617118517,400.0815382881483,0.2667210255254322,0.4,3.7127980032831185
2026-01-01 01:54:00,25.908505363620407,25.470176940420856,18.0,1096.7401429079957,403.25985709200427,0.26883990472800284,0.4,3.7032732093632643
2026-01-01 01:55:00,25.911968300561853,25.473650287553596,18.0,1093.5700035220427,406.4299964779573,0.27095333098530483,0.4,3.693712823554564
2026-01-01 01:56:00,25.915260531883575,25.476961582433603,18.0,1090.408073730531,409.591926269469,0.27306128417964604,0.4,3.684117617501292
2026-01-01 01:57:00,25.91838268228878,25.48011140645815,18.0,1087.2543830491502,412.7456169508498,0.27516374463389986,0.4,3.674488361517189
2026-01-01 01:58:00,25.921335384092174,25.48310034830331,18.0,1084.1089603339356,415.89103966606444,0.2772606931107096,0.4,3.664825824462404
2026-01-01 01:59:00,25.924119277145337,25.48592900385455,18.0,1080.971833782566,419.0281662174341,0.2793521108116227,0.4,3.6551307736218264
2026-01-01 02:00:00,25.926735008760318,25.48859797613636,18.0,1077.8430309357657,422.1569690642343,0.2814379793761562,0.4,3.6454039745845934
2026-01-01 02:01:00,25.929183233631534,25.491107875240175,18.0,1074.7225786788092,425.2774213211908,0.28351828088079384,0.4,3.6356461911247333
2026-01-01 02:02:00,25.931464613757385,25.49345931825144,18.0,1071.6105032431274,428.38949675687263,0.2855929978379151,0.4,3.625858185083593
2026-01-01 02:03:00,25.93357981835976,25.49565292917532,18.0,1068.5068302080142,431.4931697919858,0.2876621131946572,0.4,3.616040716253264
2026-01-01 02:04:00,25.935529523802586,25.497689338861164,18.0,1065.4115845024323,434.58841549756767,0.2897256103317118,0.4,3.606194542261554
2026-01-01 02:05:00,25.937314413509398,25.499569184925804,18.0,1062.3247904069176,437.6752095930824,0.29178347306205493,0.4,3.596320418458451
2026-01-01 02:06:00,25.938935177879102,25.50129311167558,18.0,1059.24647155558,440.75352844442,0.2938356856296133,0.4,3.5864190978039003
2026-01-01 02:07:00,25.940392514201278,25.502861770027607,18.0,1056.1766509381985,443.82334906180154,0.2958822327078677,0.4,3.5764913307572783
2026-01-01 02:08:00,25.94168712657006,25.504275817429686,18.0,1053.1153509024114,446.88464909758864,0.2979230993983924,0.4,3.5665378651681907
2026-01-01 02:09:00,25.942819725796824,25.505535917778957,18.0,1050.0625931560003,449.9374068439997,0.29995827122933316,0.4,3.5565594461689742
2026-01-01 02:10:00,25.9437910293222,25.5066427413401,18.0,1047.0183987692653,452.98160123073467,0.30198773415382313,0.4,3.5465568160687173
2026-01-01 02:11:00,25.94460176112665,25.507596964662014,18.0,1043.982788177488,456.0172118225121,0.3040114745483414,0.4,3.5365307142488667
2026-01-01 02:12:00,25.945252651640374,25.50839927049384,18.0,1040.9557811834854,459.04421881651456,0.3060294792110097,0.4,3.52648187706048
2026-01-01 02:13:00,25.945744437652138,25.509050347699997,18.0,1037.9373969602532,462.0626030397468,0.3080417353598312,0.4,3.516411037723145
2026-01-01 02:14:00,25.94607786221701,25.50955089117383,18.0,1034.9276540536882,465.07234594631177,0.3100482306308745,0.4,3.506318926225436
2026-01-01 02:15:00,25.946253674563593,25.509901601751324,18.0,1031.9265703854053,468.0734296145947,0.31204895307639646,0.4,3.496206269227279
2026-01-01 02:16:00,25.946272630000067,25.510103186123445,18.0,1028.9341632556266,471.0658367443734,0.31404389116291564,0.4,3.4860737899638057
2026-01-01 02:17:00,25.946135489819483,25.510156356746847,18.0,1025.9504493461611,474.0495506538389,0.3160330337692259,0.4,3.475922208151046
2026-01-01 02:18:00,25.94584302120444,25.510061831755593,18.0,1022.9754447234594,477.0245552765406,0.3180163701843604,0.4,3.4657522398933627
2026-01-01 02:19:00,25.945395997130618,25.50982033487054,18.0,1020.0091648417488,479.99083515825123,0.31999389010550083,0.4,3.455564597592541
2026-01-01 02:20:00,25.944795196270263,25.50943259530885,18.0,1017.0516245462447,482.94837545375526,0.3219655836358368,0.4,3.445359989858862
2026-01-01 02:21:00,25.94404140289413,25.508899347692534,18.0,1014.1028380764391,485.89716192356093,0.32393144128237394,0.4,3.435139121423697
2026-01-01 02:22:00,25.94313540677325,25.508221331956065,18.0,1011.1628190694612,488.8371809305388,0.3258914539536925,0.4,3.4249026930540216
2026-01-01 02:23:00,25.942078003080155,25.507399293253968,18.0,1008.2315805635116,491.76841943648844,0.32784561295765896,0.4,3.414651401468841
2026-01-01 02:24:00,25.94086999228921,25.506433981867303,18.0,1005.3091350013677,494.69086499863226,0.3297939099990882,0.4,3.4043859392572315
2026-01-01 02:25:00,25.939512180076463,25.505326153109706,18.0,1002.3954942339576,497.6045057660424,0.3317363371773616,0.4,3.3941069947983804
2026-01-01 02:26:00,25.938005377219213,25.504076567232914,18.0,999.4906695240022,500.5093304759978,0.33367288698399855,0.4,3.383815252183381
2026-01-01 02:27:00,25.936350399494586,25.502685989332008,18.0,996.5946715497238,503.4053284502762,0.3356035523001841,0.4,3.373511391138886
2026-01-01 02:28:00,25.934548067578078,25.501155189249744,18.0,993.7075104086189,506.2924895913811,0.33752832639425406,0.4,3.3631960869526063
2026-01-01 02:29:00,25.932599206941404,25.49948494148049,18.0,990.8291956212944,509.1708043787056,0.33944720291913705,0.4,3.3528700104007223
2026-01-01 02:30:00,25.93050464775024,25.497676025074327,18.0,987.9597361353652,512.0402638646348,0.34136017590975654,0.4,3.3425338276771175
2026-01-01 02:31:00,25.928265224761105,25.495729223539854,18.0,985.0991403294113,514.9008596705887,0.3432672397803925,0.4,3.3321882003244587
2026-01-01 02:32:00,25.925881777218308,25.49364532474732,18.0,982.2474160169935,517.7525839830065,0.34516838932200433,0.4,3.3218337851671715
2026-01-01 02:33:00,25.92335514875049,25.49142512083131,18.0,979.4045704507255,520.5954295492745,0.3470636196995163,0.4,3.311471234246328
2026-01-01 02:34:00,25.92068618726654,25.489069408092632,18.0,976.5706103264015,523.4293896735985,0.34895292644906567,0.4,3.3011011947563054
2026-01-01 02:35:00,25.917875744852267,25.486578986900668,18.0,973.7455417871769,526.2544582128231,0.35083630547521544,0.4,3.290724308983544
2026-01-01 02:36:00,25.914924677665056,25.483954661594908,18.0,970.9293704278002,529.0706295721998,0.3527137530481332,0.4,3.280341214246775
2026-01-01 02:37:00,25.91183384583036,25.481197240386564,18.0,968.1221012988968,531.8778987011032,0.35458526580073546,0.4,3.2699525428395595
2026-01-01 02:38:00,25.90860411333665,25.478307535259887,18.0,965.3237389113,534.6762610887,0.3564508407258,0.4,3.259558921974504
2026-01-01 02:39:00,25.90523634793078,25.47528636187343,18.0,962.5342872404284,537.4657127595716,0.35831047517304776,0.4,3.249160973729265
2026-01-01 02:40:00,25.901731421013153,25.472134539460853,18.0,959.7537497307112,540.2462502692888,0.3601641668461925,0.4,3.238759314994555
2026-01-01 02:41:00,25.89809020753256,25.46885289073208,18.0,956.9821293000547,543.0178706999453,0.36201191379996356,0.4,3.228354557423928
2026-01-01 02:42:00,25.894313585881548,25.46544224177427,18.0,954.219428344353,545.780571655647,0.363853714437098,0.4,3.217947307385482
2026-01-01 02:43:00,25.89040243779135,25.461903421952343,18.0,951.4656487420375,548.5343512579625,0.36568956750530834,0.4,3.2075381659153637
2026-01-01 02:44:00,25.886357648226692,25.458237263809792,18.0,948.7207918586671,551.2792081413329,0.3675194720942219,0.4,3.197127728673079
2026-01-01 02:45:00,25.882180105281122,25.454444602969943,18.0,945.984858551555,554.015141448445,0.36934342763229666,0.4,3.1867165858987287
2026-01-01 02:46:00,25.877870700071867,25.450526278036136,18.0,943.2578491744317,556.7421508255683,0.3711614338837122,0.4,3.1763053223719675
2026-01-01 02:47:00,25.873430326635514,25.44648313049305,18.0,940.5397635821423,559.4602364178577,0.37297349094523846,0.4,3.165894517372931
2026-01-01 02:48:00,25.86885988182297,25.44231600460762,18.0,937.8306011353764,562.1693988646236,0.3747795992430824,0.4,3.1554847446447605
2026-01-01 02:49:00,25.864160265195153,25.438025747330073,18.0,935.130360705429,564.869639294571,0.376579759529714,0.4,3.145076572358077
2026-01-01 02:50:00,25.859332378918566,25.433613208195084,18.0,932.4390406789927,567.5609593210073,0.37837397288067154,0.4,3.134670563077165
2026-01-01 02:51:00,25.854377127661337,25.42907923922337,18.0,929.7566389629764,570.2433610370236,0.3801622406913491,0.4,3.1242672737279693
2026-01-01 02:52:00,25.849295418489135,25.424424694823017,18.0,927.0831529893508,572.9168470106492,0.38194456467376614,0.4,3.1138672555678033
2026-01-01 02:53:00,25.84408816076177,25.41965043169148,18.0,924.4185797200203,575.5814202799797,0.3837209468533198,0.4,3.1034710541568367
2026-01-01 02:54:00,25.838756266029804,25.41475730871747,18.0,921.762915651717,578.237084348283,0.38549138956552204,0.4,3.09307920933136
2026-01-01 02:55:00,25.833300647931196,25.409746186883297,18.0,919.1161568209193,580.8838431790807,0.3872558954527205,0.4,3.082692255178592
2026-01-01 02:56:00,25.827722222088994,25.404617929167273,18.0,916.4782988087877,583.5217011912123,0.3890144674608082,0.4,3.0723107200133772
2026-01-01 02:57:00,25.822021906008843,25.399373400446905,18.0,913.8493367461241,586.1506632538759,0.39076710883591725,0.4,3.0619351263565524
2026-01-01 02:58:00,25.816200618976723,25.394013467401578,18.0,911.2292653183451,588.7707346816549,0.3925138231211032,0.4,3.051565990914768
2026-01-01 02:59:00,25.810259281957883,25.38853899841672,18.0,908.6180787704748,591.3819212295252,0.3942546141530168,0.4,3.041203824562307
2026-01-01 03:00:00,25.804198817495262,25.382950863487167,18.0,906.01577091215,593.98422908785,0.3959894860585667,0.4,3.0308491323242324
2026-01-01 03:01:00,25.798020149608647,25.377249934121664,18.0,903.4223351226417,596.5776648773583,0.3977184432515722,0.4,3.0205024133612395
2026-01-01 03:02:00,25.79172420369497,25.371437083247827,18.0,900.8377643558867,599.1622356441133,0.39944149042940885,0.4,3.010164160956304
2026-01-01 03:03:00,25.785311906427864,25.365513185116754,18.0,898.2620511455316,601.7379488544684,0.4011586325696456,0.4,2.999834862502566
2026-01-01 03:04:00,25.778784185658935,25.359479115208956,18.0,895.6951876099848,604.3048123900152,0.4028698749266768,0.4,2.9895149994930947
2026-01-01 03:05:00,25.772141970318728,25.35333575014056,18.0,893.1371654574791,606.8628345425209,0.40457522302834725,0.4,2.9792050475120115
2026-01-01 03:06:00,25.76538619031851,25.34708396756963,18.0,890.5879759911377,609.4120240088623,0.4062746826725749,0.4,2.968905476227147
2026-01-01 03:07:00,25.758517776452834,25.340724646103297,18.0,888.0476101140499,611.9523898859501,0.40796825992396674,0.4,2.9586167493843294
2026-01-01 03:08:00,25.751537660302176,25.33425866520554,18.0,885.5160583343478,614.4839416656522,0.4096559611104348,0.4,2.948339324802963
2026-01-01 03:09:00,25.744446774136918,25.32768690510494,18.0,882.9933107702878,617.0066892297122,0.4113377928198081,0.4,2.9380736543733224
2026-01-01 03:10:00,25.73724605082117,25.32101024670385,18.0,880.4793571553338,619.5206428446662,0.4130137618964441,0.4,2.927820184054976
2026-01-01 03:11:00,25.729936423717618,25.3142295714876,18.0,877.9741868432399,622.0258131567601,0.4146838754378401,0.4,2.9175793538768913
2026-01-01 03:12:00,25.72251882659316,25.307345761434135,18.0,875.477788813134,624.522211186866,0.416348140791244,0.4,2.9073515979388365
2026-01-01 03:13:00,25.714994193525058,25.300359698924638,18.0,872.9901516745988,627.0098483254012,0.4180065655502675,0.4,2.8971373444141477
2026-01-01 03:14:00,25.707363458807492,25.293272266655265,18.0,870.5112636727495,629.4887363272505,0.41965915755150035,0.4,2.8869370155538667
2026-01-01 03:15:00,25.699627556859355,25.2860843475479,18.0,868.0411126933078,631.9588873066922,0.4213059248711281,0.4,2.8767510276922135
2026-01-01 03:16:00,25.691787422132563,25.278796824663402,18.0,865.5796862676716,634.4203137323284,0.42294687582155227,0.4,2.866579791253415
2026-01-01 03:17:00,25.683843989021,25.271410581114765,18.0,863.126971577976,636.873028422024,0.42458201894801606,0.4,2.856423710759737
2026-01-01 03:18:00,25.675798191770014,25.2639264999803,18.0,860.6829554621489,639.3170445378511,0.42621136302523405,0.4,2.846283184840793
2026-01-01 03:19:00,25.667650964387406,25.256345464219123,18.0,858.2476244189578,641.7523755810422,0.42783491705402815,0.4,2.8361586062442177
2026-01-01 03:20:00,25.659403240554298,25.24866835658554,18.0,855.8209646130459,644.1790353869541,0.4294526902579694,0.4,2.82605036184737
2026-01-01 03:21:00,25.651055953537366,25.24089605954549,18.0,853.4029618799582,646.5970381200418,0.4310646920800279,0.4,2.815958832670336
2026-01-01 03:22:00,25.64261003610204,25.233029455193446,18.0,850.9936017311566,649.0063982688434,0.432670932179229,0.4,2.8058843938902283
2026-01-01 03:23:00,25.634066420425768,25.22506942516958,18.0,848.5928693590208,651.4071306409792,0.4342714204273195,0.4,2.795827414856316
2026-01-01 03:24:00,25.62542603801279,25.217016850578148,18.0,846.200749641838,653.799250358162,0.43586616690544133,0.4,2.7857882591066043
2026-01-01 03:25:00,25.61668981960935,25.208872611906543,18.0,843.817227148775,656.182772851225,0.43745518190081667,0.4,2.775767284385273
2026-01-01 03:26:00,25.60785869512017,25.2006375889452,18.0,841.4422861448378,658.5577138551622,0.43903847590344147,0.4,2.7657648426613965
2026-01-01 03:27:00,25.598933593525544,25.19231266070824,18.0,839.0759105958119,660.9240894041881,0.44061605960279204,0.4,2.755781280148605
2026-01-01 03:28:00,25.58991544279911,25.183898705354864,18.0,836.7180841731887,663.2819158268113,0.44218794388454086,0.4,2.7458169373257353
2026-01-01 03:29:00,25.580805169826817,25.175396600111867,18.0,834.3687902590692,665.6312097409308,0.4437541398272872,0.4,2.7358721489586326
2026-01-01 03:30:00,25.57160370032659,25.16680722119628,18.0,832.0280119510536,667.9719880489464,0.4453146586992976,0.4,2.725947244122748
2026-01-01 03:31:00,25.562311958769214,25.15813144373982,18.0,829.6957320671077,670.3042679328923,0.4468695119552616,0.4,2.7160425462269373
2026-01-01 03:32:00,25.552930868299654,25.14937014171352,18.0,827.3719331504091,672.6280668495909,0.44841871123306065,0.4,2.7061583730379537
2026-01-01 03:33:00,25.54346135065964,25.140524187853487,18.0,825.0565974741731,674.9434025258269,0.44996226835055125,0.4,2.6962950367060143
2026-01-01 03:34:00,25.53390432611087,25.1315944535869,18.0,822.7497070464552,677.2502929535448,0.4515001953023632,0.4,2.6864528437911335
2026-01-01 03:35:00,25.524260713359638,25.122581808960206,18.0,820.4512436149315,679.5487563850685,0.4530325042567123,0.4,2.676632095290507
2026-01-01 03:36:00,25.51453142948202,25.113487122566994,18.0,818.1611886716543,681.8388113283457,0.4545592075522305,0.4,2.6668330866665517
2026-01-01 03:37:00,25.504717389849816,25.104311261476994,18.0,815.8795234577843,684.1204765422157,0.45608031769481044,0.4,2.6570561078758406
2026-01-01 03:38:00,25.4948195080583,25.095055091166557,18.0,813.6062289682972,686.3937710317028,0.45759584735446857,0.4,2.647301443398882
2026-01-01 03:39:00,25.48483869585357,25.085719475449366,18.0,811.3412859566635,688.6587140433365,0.45910580936222434,0.4,2.63756937227055
2026-01-01 03:40:00,25.474775863062348,25.07630527640822,18.0,809.084674939505,690.915325060495,0.46061021670699664,0.4,2.6278601681114147
2026-01-01 03:41:00,25.464631917521558,25.066813354327962,18.0,806.8363762012195,693.1636237987805,0.4621090825325203,0.4,2.618174099159674
2026-01-01 03:42:00,25.454407765009535,25.05724456762914,18.0,804.5963697985819,695.4036302014181,0.4636024201342787,0.4,2.6085114283038675
2026-01-01 03:43:00,25.444104309178044,25.04759977280247,18.0,802.3646355653145,697.6353644346855,0.46509024295645696,0.4,2.5988724131162435
2026-01-01 03:44:00,25.43372245148521,25.037879824344373,18.0,800.1411531166302,699.8588468833698,0.46657256458891316,0.4,2.589257305886826
2026-01-01 03:45:00,25.42326309112957,25.028085574693762,18.0,797.9259018537444,702.0740981462556,0.46804939876417034,0.4,2.579666353658042
2026-01-01 03:46:00,25.412727124984826,25.018217874168784,18.0,795.7188609683585,704.2811390316415,0.46952075935442766,0.4,2.5700997982600238
2026-01-01 03:47:00,25.402115447535778,25.00827757090576,18.0,793.5200094471114,706.4799905528886,0.4709866603685924,0.4,2.5605578763464614
2026-01-01 03:48:00,25.39142895081551,24.998265510797978,18.0,791.3293260760021,708.6706739239979,0.472447115949332,0.4,2.5510408194311394
2026-01-01 03:49:00,25.380668524343207,24.98818253743599,18.0,789.1467894447786,710.8532105552214,0.4739021403701476,0.4,2.541548853924933
2026-01-01 03:50:00,25.369835055062936,24.978029492048734,18.0,786.972377951296,713.027622048704,0.4753517480324693,0.4,2.5320822011732633
2026-01-01 03:51:00,25.358929427283442,24.967807213445667,18.0,784.806069805842,715.193930194158,0.47679595346277204,0.4,2.5226410774942067
2026-01-01 03:52:00,25.34795252261955,24.957516537959577,18.0,782.6478430354297,717.3521569645703,0.47823477130971354,0.4,2.5132256942170748
2026-01-01 03:53:00,25.33690521993327,24.94715829939048,18.0,780.4976754880571,719.5023245119429,0.47966821634129525,0.4,2.503836257721293
2026-01-01 03:54:00,25.32578839527764,24.936733328950538,18.0,778.3555448369324,721.6444551630676,0.48109630344204507,0.4,2.494472969476039
2026-01-01 03:55:00,25.314602921839764,24.92624245521006,18.0,776.2214285846666,723.7785714153334,0.4825190476102223,0.4,2.4851360260799593
2026-01-01 03:56:00,25.303349669886302,24.915686504044118,18.0,774.0953040674303,725.9046959325697,0.48393646395504647,0.4,2.4758256193015606
2026-01-01 03:57:00,25.292029506708843,24.905066298580095,18.0,771.977148459077,728.022851540923,0.4853485676939487,0.4,2.4665419361198264
2026-01-01 03:58:00,25.280643296571327,24.8943826591464,18.0,769.8669387752296,730.1330612247704,0.48675537414984693,0.4,2.457285158765356
2026-01-01 03:59:00,25.269191900657347,24.883636403221942,18.0,767.7646518773347,732.2353481226653,0.48815689874844354,0.4,2.448055464761626
2026-01-01 04:00:00,25.257676177019334,24.872828345387063,18.0,765.6702644766776,734.3297355233224,0.48955315701554825,0.4,2.4388530269668394
